,pos,smote,pos-smote
AGE,0.0,0.0,0.0
GENDER,0.0,0.0,0.0
D_7373_AVG_CLAIM_CNT,0.0,0.0,0.0
D_7803_AVG_CLAIM_CNT,0.0,0.0,0.0
D_7809_AVG_CLAIM_CNT,0.0,0.0,0.0
D_7840_AVG_CLAIM_CNT,0.0,0.0,0.0
D_7865_AVG_CLAIM_CNT,0.0,0.0,0.0
D_7931_AVG_CLAIM_CNT,0.0,0.0,0.0
D_4659_AVG_CLAIM_CNT,0.0,0.0,0.0
D_7194_AVG_CLAIM_CNT,0.0,0.0,0.0
D_7245_AVG_CLAIM_CNT,0.0,0.0,0.0
D_V048_AVG_CLAIM_CNT,0.0,0.0,0.0
D_V761_AVG_CLAIM_CNT,0.0,0.0,0.0
D_2420_AVG_CLAIM_CNT,0.0,0.0,0.0
D_2429_AVG_CLAIM_CNT,0.0,0.0,0.0
D_2449_AVG_CLAIM_CNT,0.0,0.0,0.0
D_2724_AVG_CLAIM_CNT,0.0,0.0,0.0
D_4011_AVG_CLAIM_CNT,0.0,0.0,0.0
D_4019_AVG_CLAIM_CNT,0.0,0.0,0.0
D_5308_AVG_CLAIM_CNT,0.0,0.0,0.0
D_7295_AVG_CLAIM_CNT,0.0,0.0,0.0
D_7298_AVG_CLAIM_CNT,0.0,0.0,0.0
D_V588_AVG_CLAIM_CNT,0.0,0.0,0.0
D_7225_AVG_CLAIM_CNT,0.0,0.0,0.0
D_7242_AVG_CLAIM_CNT,0.0,0.0,0.0
D_7862_AVG_CLAIM_CNT,0.0,0.0,0.0
D_3000_AVG_CLAIM_CNT,0.0,0.0,0.0
D_496__AVG_CLAIM_CNT,0.0,0.0,0.0
D_5188_AVG_CLAIM_CNT,0.0,0.0,0.0
D_5990_AVG_CLAIM_CNT,0.0,0.0,0.0
D_7291_AVG_CLAIM_CNT,0.0,0.0,0.0
D_7806_AVG_CLAIM_CNT,0.0,0.0,0.0
D_7807_AVG_CLAIM_CNT,0.0,0.0,0.0
D_7860_AVG_CLAIM_CNT,0.0,0.0,0.0
D_7879_AVG_CLAIM_CNT,0.0,0.0,0.0
D_7890_AVG_CLAIM_CNT,0.0,0.0,0.0
D_V723_AVG_CLAIM_CNT,0.0,0.0,0.0
D_2689_AVG_CLAIM_CNT,0.0,0.0,0.0
D_7288_AVG_CLAIM_CNT,0.0,0.0,0.0
D_V586_AVG_CLAIM_CNT,0.0,0.0,0.0
D_2500_AVG_CLAIM_CNT,0.0,0.0,0.0
D_2720_AVG_CLAIM_CNT,0.0,0.0,0.0
D_2859_AVG_CLAIM_CNT,0.0,0.0,0.0
D_4010_AVG_CLAIM_CNT,0.0,0.0,0.0
D_4660_AVG_CLAIM_CNT,0.0,0.0,0.0
D_7062_AVG_CLAIM_CNT,0.0,0.0,0.0
D_V700_AVG_CLAIM_CNT,0.0,0.0,0.0
D_V726_AVG_CLAIM_CNT,0.0,0.0,0.0
D_5640_AVG_CLAIM_CNT,0.0,0.0,0.0
D_7021_AVG_CLAIM_CNT,0.0,0.0,0.0
D_7231_AVG_CLAIM_CNT,0.0,0.0,0.0
D_7805_AVG_CLAIM_CNT,0.0,0.0,0.0
D_7820_AVG_CLAIM_CNT,0.0,0.0,0.0
D_4939_AVG_CLAIM_CNT,0.0,0.0,0.0
D_7812_AVG_CLAIM_CNT,0.0,0.0,0.0
D_5859_AVG_CLAIM_CNT,0.0,0.0,0.0
D_7821_AVG_CLAIM_CNT,0.0,0.0,0.0
D_7883_AVG_CLAIM_CNT,0.0,0.0,0.0
D_2962_AVG_CLAIM_CNT,0.0,0.0,0.0
D_4932_AVG_CLAIM_CNT,0.0,0.0,0.0
D_462__AVG_CLAIM_CNT,0.0,0.0,0.0
D_8450_AVG_CLAIM_CNT,0.0,0.0,0.0
D_4280_AVG_CLAIM_CNT,0.0,0.0,0.0
D_5641_AVG_CLAIM_CNT,0.0,0.0,0.0
D_7802_AVG_CLAIM_CNT,0.0,0.0,0.0
D_2765_AVG_CLAIM_CNT,0.0,0.0,0.0
D_2767_AVG_CLAIM_CNT,0.0,0.0,0.0
D_3449_AVG_CLAIM_CNT,0.0,0.0,0.0
D_5856_AVG_CLAIM_CNT,0.0,0.0,0.0
D_7804_AVG_CLAIM_CNT,0.0,0.0,0.0
D_7943_AVG_CLAIM_CNT,0.0,0.0,0.0
D_3382_AVG_CLAIM_CNT,0.0,0.0,0.0
D_V032_AVG_CLAIM_CNT,0.0,0.0,0.0
D_V037_AVG_CLAIM_CNT,0.0,0.0,0.0
D_V039_AVG_CLAIM_CNT,0.0,0.0,0.0
D_V040_AVG_CLAIM_CNT,0.0,0.0,0.0
D_V045_AVG_CLAIM_CNT,0.0,0.0,0.0
D_V050_AVG_CLAIM_CNT,0.0,0.0,0.0
D_V051_AVG_CLAIM_CNT,0.0,0.0,0.0
D_V053_AVG_CLAIM_CNT,0.0,0.0,0.0
D_V054_AVG_CLAIM_CNT,0.0,0.0,0.0
D_V058_AVG_CLAIM_CNT,0.0,0.0,0.0
D_V059_AVG_CLAIM_CNT,0.0,0.0,0.0
D_V060_AVG_CLAIM_CNT,0.0,0.0,0.0
D_V062_AVG_CLAIM_CNT,0.0,0.0,0.0
D_V063_AVG_CLAIM_CNT,0.0,0.0,0.0
D_V064_AVG_CLAIM_CNT,0.0,0.0,0.0
D_V065_AVG_CLAIM_CNT,0.0,0.0,0.0
D_V066_AVG_CLAIM_CNT,0.0,0.0,0.0
D_V068_AVG_CLAIM_CNT,0.0,0.0,0.0
D_V069_AVG_CLAIM_CNT,0.0,0.0,0.0
D_2768_AVG_CLAIM_CNT,0.0,0.0,0.0
D_9597_AVG_CLAIM_CNT,0.0,0.0,0.0
D_4359_AVG_CLAIM_CNT,0.0,0.0,0.0
D_V202_AVG_CLAIM_CNT,0.0,0.0,0.0
D_V741_AVG_CLAIM_CNT,0.0,0.0,0.0
D_7020_AVG_CLAIM_CNT,0.0,0.0,0.0
D_4556_AVG_CLAIM_CNT,0.0,0.0,0.0
D_2572_AVG_CLAIM_CNT,0.0,0.0,0.0
D_5853_AVG_CLAIM_CNT,0.0,0.0,0.0
D_6927_AVG_CLAIM_CNT,0.0,0.0,0.0
D_7230_AVG_CLAIM_CNT,0.0,0.0,0.0
D_7870_AVG_CLAIM_CNT,0.0,0.0,0.0
D_7850_AVG_CLAIM_CNT,0.0,0.0,0.0
D_4278_AVG_CLAIM_CNT,0.0,0.0,0.0
D_3339_AVG_CLAIM_CNT,0.0,0.0,0.0
D_3483_AVG_CLAIM_CNT,0.0,0.0,0.0
D_7819_AVG_CLAIM_CNT,0.0,0.0,0.0
D_7845_AVG_CLAIM_CNT,0.0,0.0,0.0
D_3275_AVG_CLAIM_CNT,0.0,0.0,0.0
D_5589_AVG_CLAIM_CNT,0.0,0.0,0.0
D_3098_AVG_CLAIM_CNT,0.0,0.0,0.0
D_7810_AVG_CLAIM_CNT,0.0,0.0,0.0
D_7873_AVG_CLAIM_CNT,0.0,0.0,0.0
D_4349_AVG_CLAIM_CNT,0.0,0.0,0.0
D_4371_AVG_CLAIM_CNT,0.0,0.0,0.0
D_3579_AVG_CLAIM_CNT,0.0,0.0,0.0
D_3331_AVG_CLAIM_CNT,0.0,0.0,0.0
D_V270_AVG_CLAIM_CNT,0.0,0.0,0.0
D_4107_AVG_CLAIM_CNT,0.0,0.0,0.0
D_3441_AVG_CLAIM_CNT,0.0,0.0,0.0
D_3599_AVG_CLAIM_CNT,0.0,0.0,0.0
D_3332_AVG_CLAIM_CNT,0.0,0.0,0.0
D_3591_AVG_CLAIM_CNT,0.0,0.0,0.0
D_3592_AVG_CLAIM_CNT,0.0,0.0,0.0
D_3590_AVG_CLAIM_CNT,0.0,0.0,0.0
G_012000_AVG_CLAIM_CNT,0.0,0.0,0.0
G_034000_AVG_CLAIM_CNT,0.0,0.0,0.0
G_040000_AVG_CLAIM_CNT,0.0,0.0,0.0
G_050000_AVG_CLAIM_CNT,0.0,0.0,0.0
G_160000_AVG_CLAIM_CNT,0.0,0.0,0.0
G_221000_AVG_CLAIM_CNT,0.0,0.0,0.0
G_272500_AVG_CLAIM_CNT,0.0,0.0,0.0
G_340000_AVG_CLAIM_CNT,0.0,0.0,0.0
G_394000_AVG_CLAIM_CNT,0.0,0.0,0.0
G_442010_AVG_CLAIM_CNT,0.0,0.0,0.0
G_469920_AVG_CLAIM_CNT,0.0,0.0,0.0
G_492700_AVG_CLAIM_CNT,0.0,0.0,0.0
G_530000_AVG_CLAIM_CNT,0.0,0.0,0.0
G_581800_AVG_CLAIM_CNT,0.0,0.0,0.0
G_651000_AVG_CLAIM_CNT,0.0,0.0,0.0
G_659900_AVG_CLAIM_CNT,0.0,0.0,0.0
G_659917_AVG_CLAIM_CNT,0.0,0.0,0.0
G_721000_AVG_CLAIM_CNT,0.0,0.0,0.0
G_726000_AVG_CLAIM_CNT,0.0,0.0,0.0
G_751000_AVG_CLAIM_CNT,0.0,0.0,0.0
G_879910_AVG_CLAIM_CNT,0.0,0.0,0.0
G_021000_AVG_CLAIM_CNT,0.0,0.0,0.0
G_661000_AVG_CLAIM_CNT,0.0,0.0,0.0
G_283000_AVG_CLAIM_CNT,0.0,0.0,0.0
G_372000_AVG_CLAIM_CNT,0.0,0.0,0.0
G_375000_AVG_CLAIM_CNT,0.0,0.0,0.0
G_114070_AVG_CLAIM_CNT,0.0,0.0,0.0
G_171000_AVG_CLAIM_CNT,0.0,0.0,0.0
G_369918_AVG_CLAIM_CNT,0.0,0.0,0.0
G_019900_AVG_CLAIM_CNT,0.0,0.0,0.0
G_169900_AVG_CLAIM_CNT,0.0,0.0,0.0
G_361000_AVG_CLAIM_CNT,0.0,0.0,0.0
G_568510_AVG_CLAIM_CNT,0.0,0.0,0.0
G_905500_AVG_CLAIM_CNT,0.0,0.0,0.0
G_332000_AVG_CLAIM_CNT,0.0,0.0,0.0
G_571000_AVG_CLAIM_CNT,0.0,0.0,0.0
G_581600_AVG_CLAIM_CNT,0.0,0.0,0.0
G_797000_AVG_CLAIM_CNT,0.0,0.0,0.0
G_035000_AVG_CLAIM_CNT,0.0,0.0,0.0
G_422000_AVG_CLAIM_CNT,0.0,0.0,0.0
G_439970_AVG_CLAIM_CNT,0.0,0.0,0.0
G_414000_AVG_CLAIM_CNT,0.0,0.0,0.0
G_445050_AVG_CLAIM_CNT,0.0,0.0,0.0
G_502500_AVG_CLAIM_CNT,0.0,0.0,0.0
G_674060_AVG_CLAIM_CNT,0.0,0.0,0.0
G_614000_AVG_CLAIM_CNT,0.0,0.0,0.0
G_491030_AVG_CLAIM_CNT,0.0,0.0,0.0
G_259900_AVG_CLAIM_CNT,0.0,0.0,0.0
G_300420_AVG_CLAIM_CNT,0.0,0.0,0.0
G_879920_AVG_CLAIM_CNT,0.0,0.0,0.0
G_722000_AVG_CLAIM_CNT,0.0,0.0,0.0
G_423000_AVG_CLAIM_CNT,0.0,0.0,0.0
G_371000_AVG_CLAIM_CNT,0.0,0.0,0.0
G_352000_AVG_CLAIM_CNT,0.0,0.0,0.0
P_70450_AVG_CLAIM_CNT,0.0,0.0,0.0
P_71010_AVG_CLAIM_CNT,0.0,0.0,0.0
P_72100_AVG_CLAIM_CNT,0.0,0.0,0.0
P_93010_AVG_CLAIM_CNT,0.0,0.0,0.0
P_99284_AVG_CLAIM_CNT,0.0,0.0,0.0
P_99285_AVG_CLAIM_CNT,0.0,0.0,0.0
P_A0425_AVG_CLAIM_CNT,0.0,0.0,0.0
P_A0427_AVG_CLAIM_CNT,0.0,0.0,0.0
P_73610_AVG_CLAIM_CNT,0.0,0.0,0.0
P_77052_AVG_CLAIM_CNT,0.0,0.0,0.0
P_90471_AVG_CLAIM_CNT,0.0,0.0,0.0
P_99203_AVG_CLAIM_CNT,0.0,0.0,0.0
P_99213_AVG_CLAIM_CNT,0.0,0.0,0.0
P_99214_AVG_CLAIM_CNT,0.0,0.0,0.0
P_99223_AVG_CLAIM_CNT,0.0,0.0,0.0
P_99239_AVG_CLAIM_CNT,0.0,0.0,0.0
P_G0202_AVG_CLAIM_CNT,0.0,0.0,0.0
P_36415_AVG_CLAIM_CNT,0.0,0.0,0.0
P_70551_AVG_CLAIM_CNT,0.0,0.0,0.0
P_88313_AVG_CLAIM_CNT,0.0,0.0,0.0
P_92012_AVG_CLAIM_CNT,0.0,0.0,0.0
P_93000_AVG_CLAIM_CNT,0.0,0.0,0.0
P_93306_AVG_CLAIM_CNT,0.0,0.0,0.0
P_94760_AVG_CLAIM_CNT,0.0,0.0,0.0
P_99204_AVG_CLAIM_CNT,0.0,0.0,0.0
P_99215_AVG_CLAIM_CNT,0.0,0.0,0.0
P_99233_AVG_CLAIM_CNT,0.0,0.0,0.0
P_99283_AVG_CLAIM_CNT,0.0,0.0,0.0
P_G8553_AVG_CLAIM_CNT,0.0,0.0,0.0
P_71020_AVG_CLAIM_CNT,0.0,0.0,0.0
P_73130_AVG_CLAIM_CNT,0.0,0.0,0.0
P_80053_AVG_CLAIM_CNT,0.0,0.0,0.0
P_83735_AVG_CLAIM_CNT,0.0,0.0,0.0
P_85025_AVG_CLAIM_CNT,0.0,0.0,0.0
P_94010_AVG_CLAIM_CNT,0.0,0.0,0.0
P_97001_AVG_CLAIM_CNT,0.0,0.0,0.0
P_97110_AVG_CLAIM_CNT,0.0,0.0,0.0
P_99205_AVG_CLAIM_CNT,0.0,0.0,0.0
P_G0008_AVG_CLAIM_CNT,0.0,0.0,0.0
P_G8427_AVG_CLAIM_CNT,0.0,0.0,0.0
P_G8978_AVG_CLAIM_CNT,0.0,0.0,0.0
P_G8979_AVG_CLAIM_CNT,0.0,0.0,0.0
P_93042_AVG_CLAIM_CNT,0.0,0.0,0.0
P_97014_AVG_CLAIM_CNT,0.0,0.0,0.0
P_97140_AVG_CLAIM_CNT,0.0,0.0,0.0
P_99202_AVG_CLAIM_CNT,0.0,0.0,0.0
P_99220_AVG_CLAIM_CNT,0.0,0.0,0.0
P_99231_AVG_CLAIM_CNT,0.0,0.0,0.0
P_99232_AVG_CLAIM_CNT,0.0,0.0,0.0
P_99238_AVG_CLAIM_CNT,0.0,0.0,0.0
P_99244_AVG_CLAIM_CNT,0.0,0.0,0.0
P_99291_AVG_CLAIM_CNT,0.0,0.0,0.0
P_92015_AVG_CLAIM_CNT,0.0,0.0,0.0
P_99396_AVG_CLAIM_CNT,0.0,0.0,0.0
P_80048_AVG_CLAIM_CNT,0.0,0.0,0.0
P_80061_AVG_CLAIM_CNT,0.0,0.0,0.0
P_82607_AVG_CLAIM_CNT,0.0,0.0,0.0
P_84443_AVG_CLAIM_CNT,0.0,0.0,0.0
P_90472_AVG_CLAIM_CNT,0.0,0.0,0.0
P_90715_AVG_CLAIM_CNT,0.0,0.0,0.0
P_96372_AVG_CLAIM_CNT,0.0,0.0,0.0
P_31575_AVG_CLAIM_CNT,0.0,0.0,0.0
P_51798_AVG_CLAIM_CNT,0.0,0.0,0.0
P_70553_AVG_CLAIM_CNT,0.0,0.0,0.0
P_76700_AVG_CLAIM_CNT,0.0,0.0,0.0
P_76942_AVG_CLAIM_CNT,0.0,0.0,0.0
P_81003_AVG_CLAIM_CNT,0.0,0.0,0.0
P_99212_AVG_CLAIM_CNT,0.0,0.0,0.0
P_99243_AVG_CLAIM_CNT,0.0,0.0,0.0
P_99245_AVG_CLAIM_CNT,0.0,0.0,0.0
P_72141_AVG_CLAIM_CNT,0.0,0.0,0.0
P_85652_AVG_CLAIM_CNT,0.0,0.0,0.0
P_93880_AVG_CLAIM_CNT,0.0,0.0,0.0
P_99222_AVG_CLAIM_CNT,0.0,0.0,0.0
P_80050_AVG_CLAIM_CNT,0.0,0.0,0.0
P_81025_AVG_CLAIM_CNT,0.0,0.0,0.0
P_86580_AVG_CLAIM_CNT,0.0,0.0,0.0
P_99420_AVG_CLAIM_CNT,0.0,0.0,0.0
P_84165_AVG_CLAIM_CNT,0.0,0.0,0.0
P_72148_AVG_CLAIM_CNT,0.0,0.0,0.0
P_99254_AVG_CLAIM_CNT,0.0,0.0,0.0
P_84439_AVG_CLAIM_CNT,0.0,0.0,0.0
P_90686_AVG_CLAIM_CNT,0.0,0.0,0.0
P_17000_AVG_CLAIM_CNT,0.0,0.0,0.0
P_85018_AVG_CLAIM_CNT,0.0,0.0,0.0
P_95811_AVG_CLAIM_CNT,0.0,0.0,0.0
P_82962_AVG_CLAIM_CNT,0.0,0.0,0.0
P_84550_AVG_CLAIM_CNT,0.0,0.0,0.0
P_86038_AVG_CLAIM_CNT,0.0,0.0,0.0
P_84484_AVG_CLAIM_CNT,0.0,0.0,0.0
P_A4550_AVG_CLAIM_CNT,0.0,0.0,0.0
P_1101F_AVG_CLAIM_CNT,0.0,0.0,0.0
P_95886_AVG_CLAIM_CNT,0.0,0.0,0.0
P_82550_AVG_CLAIM_CNT,0.0,0.0,0.0
P_98941_AVG_CLAIM_CNT,0.0,0.0,0.0
P_36620_AVG_CLAIM_CNT,0.0,0.0,0.0
P_74230_AVG_CLAIM_CNT,0.0,0.0,0.0
P_83891_AVG_CLAIM_CNT,0.0,0.0,0.0
P_83912_AVG_CLAIM_CNT,0.0,0.0,0.0
P_95913_AVG_CLAIM_CNT,0.0,0.0,0.0
P_90862_AVG_CLAIM_CNT,0.0,0.0,0.0
P_74176_AVG_CLAIM_CNT,0.0,0.0,0.0
P_99053_AVG_CLAIM_CNT,0.0,0.0,0.0
P_74177_AVG_CLAIM_CNT,0.0,0.0,0.0
P_84480_AVG_CLAIM_CNT,0.0,0.0,0.0
P_76705_AVG_CLAIM_CNT,0.0,0.0,0.0
P_93272_AVG_CLAIM_CNT,0.0,0.0,0.0
P_E0973_AVG_CLAIM_CNT,0.0,0.0,0.0
P_59025_AVG_CLAIM_CNT,0.0,0.0,0.0
P_99354_AVG_CLAIM_CNT,0.0,0.0,0.0
P_83909_AVG_CLAIM_CNT,0.0,0.0,0.0
P_95810_AVG_CLAIM_CNT,0.0,0.0,0.0
P_95885_AVG_CLAIM_CNT,0.0,0.0,0.0
P_95911_AVG_CLAIM_CNT,0.0,0.0,0.0
P_83519_AVG_CLAIM_CNT,0.0,0.0,0.0
P_76857_AVG_CLAIM_CNT,0.0,0.0,0.0
P_72157_AVG_CLAIM_CNT,0.0,0.0,0.0
P_62270_AVG_CLAIM_CNT,0.0,0.0,0.0
P_95908_AVG_CLAIM_CNT,0.0,0.0,0.0
P_96110_AVG_CLAIM_CNT,0.0,0.0,0.0
P_L2275_AVG_CLAIM_CNT,0.0,0.0,0.0
S_S21_AVG_CLAIM,0.0,0.0,0.0
S_S22_AVG_CLAIM,0.0,0.0,0.0
S_S45_AVG_CLAIM,0.0,0.0,0.0
S_S05_AVG_CLAIM,0.0,0.0,0.0
S_S24_AVG_CLAIM,0.0,0.0,0.0
S_S37_AVG_CLAIM,0.0,0.0,0.0
S_S53_AVG_CLAIM,0.0,0.0,0.0
S_S04_AVG_CLAIM,0.0,0.0,0.0
S_S08_AVG_CLAIM,0.0,0.0,0.0
S_S23_AVG_CLAIM,0.0,0.0,0.0
S_S44_AVG_CLAIM,0.0,0.0,0.0
S_S48_AVG_CLAIM,0.0,0.0,0.0
S_S51_AVG_CLAIM,0.0,0.0,0.0
S_S75_AVG_CLAIM,0.0,0.0,0.0
S_S67_AVG_CLAIM,0.0,0.0,0.0
S_S34_AVG_CLAIM,0.0,0.0,0.0
S_S66_AVG_CLAIM,0.0,0.0,0.0
S_S73_AVG_CLAIM,0.0,0.0,0.0
S_S76_AVG_CLAIM,0.0,0.0,0.0
S_S38_AVG_CLAIM,0.0,0.0,0.0
S_S49_AVG_CLAIM,0.0,0.0,0.0
S_S65_AVG_CLAIM,0.0,0.0,0.0
S_S70_AVG_CLAIM,0.0,0.0,0.0
S_S19_AVG_CLAIM,0.0,0.0,0.0
S_S69_AVG_CLAIM,0.0,0.0,0.0
S_S25_AVG_CLAIM,0.0,0.0,0.0
S_S55_AVG_CLAIM,0.0,0.0,0.0
S_S82_AVG_CLAIM,0.0,0.0,0.0
S_S26_AVG_CLAIM,0.0,0.0,0.0
S_S39_AVG_CLAIM,0.0,0.0,0.0
S_S52_AVG_CLAIM,0.0,0.0,0.0
S_S64_AVG_CLAIM,0.0,0.0,0.0
S_S83_AVG_CLAIM,0.0,0.0,0.0
S_S02_AVG_CLAIM,0.0,0.0,0.0
S_S42_AVG_CLAIM,0.0,0.0,0.0
S_S30_AVG_CLAIM,0.0,0.0,0.0
S_S12_AVG_CLAIM,0.0,0.0,0.0
S_S29_AVG_CLAIM,0.0,0.0,0.0
S_S57_AVG_CLAIM,0.0,0.0,0.0
S_S14_AVG_CLAIM,0.0,0.0,0.0
S_S59_AVG_CLAIM,0.0,0.0,0.0
S_S11_AVG_CLAIM,0.0,0.0,0.0
D_7373_FIRST_EXP_DT,0.969,0.9995555555555555,-0.030555555555555558
D_7803_FIRST_EXP_DT,0.904,0.997,-0.09299999999999997
D_7809_FIRST_EXP_DT,0.819,0.99,-0.17100000000000004
D_7840_FIRST_EXP_DT,0.74,0.9777777777777777,-0.23777777777777775
D_7865_FIRST_EXP_DT,0.588,0.9446666666666667,-0.3566666666666667
D_7931_FIRST_EXP_DT,0.911,0.9916666666666667,-0.08066666666666666
D_4659_FIRST_EXP_DT,0.822,0.9675555555555555,-0.14555555555555555
D_7194_FIRST_EXP_DT,0.535,0.8661111111111112,-0.33111111111111113
D_7245_FIRST_EXP_DT,0.824,0.9856666666666667,-0.16166666666666674
D_V048_FIRST_EXP_DT,0.742,0.9562222222222222,-0.2142222222222222
D_V761_FIRST_EXP_DT,0.869,0.9713333333333334,-0.10233333333333339
D_2420_FIRST_EXP_DT,0.975,0.9964444444444445,-0.021444444444444488
D_2429_FIRST_EXP_DT,0.933,0.9877777777777778,-0.0547777777777777
D_2449_FIRST_EXP_DT,0.817,0.9896666666666667,-0.17266666666666675
D_2724_FIRST_EXP_DT,0.738,0.9613333333333334,-0.22333333333333338
D_4011_FIRST_EXP_DT,0.722,0.9597777777777777,-0.23777777777777775
D_4019_FIRST_EXP_DT,0.591,0.907,-0.31600000000000006
D_5308_FIRST_EXP_DT,0.774,0.9844444444444445,-0.21044444444444443
D_7295_FIRST_EXP_DT,0.666,0.9576666666666667,-0.29166666666666663
D_7298_FIRST_EXP_DT,0.821,0.9844444444444445,-0.1634444444444445
D_V588_FIRST_EXP_DT,0.888,0.9933333333333333,-0.10533333333333328
D_7225_FIRST_EXP_DT,0.868,0.987,-0.119
D_7242_FIRST_EXP_DT,0.725,0.9661111111111111,-0.24111111111111116
D_7862_FIRST_EXP_DT,0.748,0.9575555555555556,-0.2095555555555556
D_3000_FIRST_EXP_DT,0.758,0.9696666666666667,-0.21166666666666667
D_496__FIRST_EXP_DT,0.901,0.9938888888888889,-0.09288888888888891
D_5188_FIRST_EXP_DT,0.907,0.9952222222222222,-0.0882222222222222
D_5990_FIRST_EXP_DT,0.79,0.9787777777777777,-0.1887777777777777
D_7291_FIRST_EXP_DT,0.793,0.981,-0.18799999999999994
D_7806_FIRST_EXP_DT,0.862,0.9957777777777778,-0.13377777777777777
D_7807_FIRST_EXP_DT,0.468,0.7874444444444444,-0.31944444444444436
D_7860_FIRST_EXP_DT,0.65,0.9242222222222222,-0.27422222222222215
D_7879_FIRST_EXP_DT,0.814,0.9914444444444445,-0.17744444444444452
D_7890_FIRST_EXP_DT,0.59,0.9444444444444444,-0.35444444444444445
D_V723_FIRST_EXP_DT,0.848,0.9621111111111111,-0.11411111111111116
D_2689_FIRST_EXP_DT,0.874,0.9943333333333333,-0.12033333333333329
D_7288_FIRST_EXP_DT,0.653,0.9422222222222222,-0.28922222222222216
D_V586_FIRST_EXP_DT,0.778,0.9868888888888889,-0.2088888888888889
D_2500_FIRST_EXP_DT,0.807,0.9874444444444445,-0.1804444444444444
D_2720_FIRST_EXP_DT,0.887,0.9881111111111112,-0.10111111111111115
D_2859_FIRST_EXP_DT,0.852,0.9906666666666667,-0.13866666666666672
D_4010_FIRST_EXP_DT,0.949,0.9995555555555555,-0.050555555555555576
D_4660_FIRST_EXP_DT,0.815,0.9802222222222222,-0.16522222222222227
D_7062_FIRST_EXP_DT,0.961,0.9984444444444445,-0.0374444444444445
D_V700_FIRST_EXP_DT,0.744,0.9173333333333333,-0.17333333333333334
D_V726_FIRST_EXP_DT,0.945,0.999,-0.05400000000000005
D_5640_FIRST_EXP_DT,0.865,0.9897777777777778,-0.12477777777777777
D_7021_FIRST_EXP_DT,0.931,0.9896666666666667,-0.058666666666666645
D_7231_FIRST_EXP_DT,0.814,0.9891111111111112,-0.17511111111111122
D_7805_FIRST_EXP_DT,0.803,0.9921111111111112,-0.18911111111111112
D_7820_FIRST_EXP_DT,0.805,0.9835555555555555,-0.17855555555555547
D_4939_FIRST_EXP_DT,0.876,0.9957777777777778,-0.11977777777777776
D_7812_FIRST_EXP_DT,0.889,0.9956666666666667,-0.10666666666666669
D_5859_FIRST_EXP_DT,0.957,0.9992222222222222,-0.04222222222222227
D_7821_FIRST_EXP_DT,0.925,0.9956666666666667,-0.07066666666666666
D_7883_FIRST_EXP_DT,0.925,0.9977777777777778,-0.07277777777777772
D_2962_FIRST_EXP_DT,0.965,0.9995555555555555,-0.03455555555555556
D_4932_FIRST_EXP_DT,0.985,1.0,-0.015000000000000013
D_462__FIRST_EXP_DT,0.841,0.9873333333333333,-0.14633333333333332
D_8450_FIRST_EXP_DT,0.953,0.9988888888888889,-0.04588888888888898
D_4280_FIRST_EXP_DT,0.908,0.9946666666666667,-0.08666666666666667
D_5641_FIRST_EXP_DT,0.957,1.0,-0.04300000000000004
D_7802_FIRST_EXP_DT,0.814,0.9867777777777778,-0.1727777777777778
D_2765_FIRST_EXP_DT,0.884,0.9936666666666667,-0.10966666666666669
D_2767_FIRST_EXP_DT,0.938,0.9965555555555555,-0.05855555555555558
D_3449_FIRST_EXP_DT,0.928,0.9965555555555555,-0.06855555555555548
D_5856_FIRST_EXP_DT,0.989,0.9996666666666667,-0.010666666666666713
D_7804_FIRST_EXP_DT,0.784,0.9815555555555555,-0.19755555555555548
D_7943_FIRST_EXP_DT,0.868,0.9871111111111112,-0.11911111111111117
D_3382_FIRST_EXP_DT,0.911,0.9922222222222222,-0.0812222222222222
D_V032_FIRST_EXP_DT,0.996,1.0,-0.0040000000000000036
D_V037_FIRST_EXP_DT,0.995,1.0,-0.0050000000000000044
D_V039_FIRST_EXP_DT,0.997,1.0,-0.0030000000000000027
D_V040_FIRST_EXP_DT,0.996,0.9993333333333333,-0.0033333333333332993
D_V045_FIRST_EXP_DT,0.999,1.0,-0.0010000000000000009
D_V050_FIRST_EXP_DT,1.0,1.0,0.0
D_V051_FIRST_EXP_DT,1.0,1.0,0.0
D_V053_FIRST_EXP_DT,0.933,0.9954444444444445,-0.062444444444444414
D_V054_FIRST_EXP_DT,0.987,0.9964444444444445,-0.009444444444444478
D_V058_FIRST_EXP_DT,0.991,1.0,-0.009000000000000008
D_V059_FIRST_EXP_DT,0.992,1.0,-0.008000000000000007
D_V060_FIRST_EXP_DT,1.0,1.0,0.0
D_V062_FIRST_EXP_DT,0.999,1.0,-0.0010000000000000009
D_V063_FIRST_EXP_DT,0.999,1.0,-0.0010000000000000009
D_V064_FIRST_EXP_DT,0.995,0.9995555555555555,-0.004555555555555535
D_V065_FIRST_EXP_DT,0.985,0.9993333333333333,-0.014333333333333309
D_V066_FIRST_EXP_DT,0.996,1.0,-0.0040000000000000036
D_V068_FIRST_EXP_DT,0.993,1.0,-0.007000000000000006
D_V069_FIRST_EXP_DT,0.992,0.9997777777777778,-0.007777777777777772
D_2768_FIRST_EXP_DT,0.567,0.748,-0.18100000000000005
D_9597_FIRST_EXP_DT,0.955,0.9976666666666667,-0.04266666666666674
D_4359_FIRST_EXP_DT,0.957,0.9991111111111111,-0.0421111111111111
D_V202_FIRST_EXP_DT,0.924,0.9808888888888889,-0.05688888888888888
D_V741_FIRST_EXP_DT,0.979,0.999,-0.020000000000000018
D_7020_FIRST_EXP_DT,0.952,0.995,-0.04300000000000004
D_4556_FIRST_EXP_DT,0.984,0.9983333333333333,-0.014333333333333309
D_2572_FIRST_EXP_DT,0.964,0.9985555555555555,-0.03455555555555556
D_5853_FIRST_EXP_DT,0.949,0.9971111111111111,-0.048111111111111104
D_6927_FIRST_EXP_DT,0.987,0.9995555555555555,-0.012555555555555542
D_7230_FIRST_EXP_DT,0.961,0.9995555555555555,-0.038555555555555565
D_7870_FIRST_EXP_DT,0.745,0.9782222222222222,-0.23322222222222222
D_7850_FIRST_EXP_DT,0.908,0.9957777777777778,-0.08777777777777773
D_4278_FIRST_EXP_DT,0.885,0.9946666666666667,-0.10966666666666669
D_3339_FIRST_EXP_DT,0.965,0.9988888888888889,-0.03388888888888897
D_3483_FIRST_EXP_DT,0.971,0.9997777777777778,-0.02877777777777779
D_7819_FIRST_EXP_DT,0.957,0.9987777777777778,-0.0417777777777778
D_7845_FIRST_EXP_DT,0.962,0.9994444444444445,-0.0374444444444445
D_3275_FIRST_EXP_DT,0.986,0.9997777777777778,-0.013777777777777778
D_5589_FIRST_EXP_DT,0.918,0.9974444444444445,-0.07944444444444443
D_3098_FIRST_EXP_DT,0.983,1.0,-0.017000000000000015
D_7810_FIRST_EXP_DT,0.943,0.9987777777777778,-0.055777777777777815
D_7873_FIRST_EXP_DT,0.954,0.9982222222222222,-0.044222222222222274
D_4349_FIRST_EXP_DT,0.934,0.9981111111111111,-0.06411111111111101
D_4371_FIRST_EXP_DT,0.975,0.9993333333333333,-0.024333333333333318
D_3579_FIRST_EXP_DT,0.992,1.0,-0.008000000000000007
D_3331_FIRST_EXP_DT,0.975,1.0,-0.025000000000000022
D_V270_FIRST_EXP_DT,0.984,0.9995555555555555,-0.015555555555555545
D_4107_FIRST_EXP_DT,0.983,1.0,-0.017000000000000015
D_3441_FIRST_EXP_DT,0.969,0.9974444444444445,-0.028444444444444494
D_3599_FIRST_EXP_DT,0.954,0.9993333333333333,-0.04533333333333334
D_3332_FIRST_EXP_DT,0.989,1.0,-0.01100000000000001
D_3591_FIRST_EXP_DT,0.989,1.0,-0.01100000000000001
D_3592_FIRST_EXP_DT,0.995,1.0,-0.0050000000000000044
D_3590_FIRST_EXP_DT,0.993,0.9996666666666667,-0.00666666666666671
D_7373_LAST_EXP_DT,0.969,0.9995555555555555,-0.030555555555555558
D_7803_LAST_EXP_DT,0.904,0.997,-0.09299999999999997
D_7809_LAST_EXP_DT,0.819,0.99,-0.17100000000000004
D_7840_LAST_EXP_DT,0.74,0.9777777777777777,-0.23777777777777775
D_7865_LAST_EXP_DT,0.588,0.9446666666666667,-0.3566666666666667
D_7931_LAST_EXP_DT,0.911,0.9916666666666667,-0.08066666666666666
D_4659_LAST_EXP_DT,0.822,0.9675555555555555,-0.14555555555555555
D_7194_LAST_EXP_DT,0.535,0.8661111111111112,-0.33111111111111113
D_7245_LAST_EXP_DT,0.824,0.9856666666666667,-0.16166666666666674
D_V048_LAST_EXP_DT,0.742,0.9562222222222222,-0.2142222222222222
D_V761_LAST_EXP_DT,0.869,0.9713333333333334,-0.10233333333333339
D_2420_LAST_EXP_DT,0.975,0.9964444444444445,-0.021444444444444488
D_2429_LAST_EXP_DT,0.933,0.9877777777777778,-0.0547777777777777
D_2449_LAST_EXP_DT,0.817,0.9896666666666667,-0.17266666666666675
D_2724_LAST_EXP_DT,0.738,0.9613333333333334,-0.22333333333333338
D_4011_LAST_EXP_DT,0.722,0.9597777777777777,-0.23777777777777775
D_4019_LAST_EXP_DT,0.591,0.907,-0.31600000000000006
D_5308_LAST_EXP_DT,0.774,0.9844444444444445,-0.21044444444444443
D_7295_LAST_EXP_DT,0.666,0.9576666666666667,-0.29166666666666663
D_7298_LAST_EXP_DT,0.821,0.9844444444444445,-0.1634444444444445
D_V588_LAST_EXP_DT,0.888,0.9933333333333333,-0.10533333333333328
D_7225_LAST_EXP_DT,0.868,0.987,-0.119
D_7242_LAST_EXP_DT,0.725,0.9661111111111111,-0.24111111111111116
D_7862_LAST_EXP_DT,0.748,0.9575555555555556,-0.2095555555555556
D_3000_LAST_EXP_DT,0.758,0.9696666666666667,-0.21166666666666667
D_496__LAST_EXP_DT,0.901,0.9938888888888889,-0.09288888888888891
D_5188_LAST_EXP_DT,0.907,0.9952222222222222,-0.0882222222222222
D_5990_LAST_EXP_DT,0.79,0.9787777777777777,-0.1887777777777777
D_7291_LAST_EXP_DT,0.793,0.981,-0.18799999999999994
D_7806_LAST_EXP_DT,0.862,0.9957777777777778,-0.13377777777777777
D_7807_LAST_EXP_DT,0.468,0.7874444444444444,-0.31944444444444436
D_7860_LAST_EXP_DT,0.65,0.9242222222222222,-0.27422222222222215
D_7879_LAST_EXP_DT,0.814,0.9914444444444445,-0.17744444444444452
D_7890_LAST_EXP_DT,0.59,0.9444444444444444,-0.35444444444444445
D_V723_LAST_EXP_DT,0.848,0.9621111111111111,-0.11411111111111116
D_2689_LAST_EXP_DT,0.874,0.9943333333333333,-0.12033333333333329
D_7288_LAST_EXP_DT,0.653,0.9422222222222222,-0.28922222222222216
D_V586_LAST_EXP_DT,0.778,0.9868888888888889,-0.2088888888888889
D_2500_LAST_EXP_DT,0.807,0.9874444444444445,-0.1804444444444444
D_2720_LAST_EXP_DT,0.887,0.9881111111111112,-0.10111111111111115
D_2859_LAST_EXP_DT,0.852,0.9906666666666667,-0.13866666666666672
D_4010_LAST_EXP_DT,0.949,0.9995555555555555,-0.050555555555555576
D_4660_LAST_EXP_DT,0.815,0.9802222222222222,-0.16522222222222227
D_7062_LAST_EXP_DT,0.961,0.9984444444444445,-0.0374444444444445
D_V700_LAST_EXP_DT,0.744,0.9173333333333333,-0.17333333333333334
D_V726_LAST_EXP_DT,0.945,0.999,-0.05400000000000005
D_5640_LAST_EXP_DT,0.865,0.9897777777777778,-0.12477777777777777
D_7021_LAST_EXP_DT,0.931,0.9896666666666667,-0.058666666666666645
D_7231_LAST_EXP_DT,0.814,0.9891111111111112,-0.17511111111111122
D_7805_LAST_EXP_DT,0.803,0.9921111111111112,-0.18911111111111112
D_7820_LAST_EXP_DT,0.805,0.9835555555555555,-0.17855555555555547
D_4939_LAST_EXP_DT,0.876,0.9957777777777778,-0.11977777777777776
D_7812_LAST_EXP_DT,0.889,0.9956666666666667,-0.10666666666666669
D_5859_LAST_EXP_DT,0.957,0.9992222222222222,-0.04222222222222227
D_7821_LAST_EXP_DT,0.925,0.9956666666666667,-0.07066666666666666
D_7883_LAST_EXP_DT,0.925,0.9977777777777778,-0.07277777777777772
D_2962_LAST_EXP_DT,0.965,0.9995555555555555,-0.03455555555555556
D_4932_LAST_EXP_DT,0.985,1.0,-0.015000000000000013
D_462__LAST_EXP_DT,0.841,0.9873333333333333,-0.14633333333333332
D_8450_LAST_EXP_DT,0.953,0.9988888888888889,-0.04588888888888898
D_4280_LAST_EXP_DT,0.908,0.9946666666666667,-0.08666666666666667
D_5641_LAST_EXP_DT,0.957,1.0,-0.04300000000000004
D_7802_LAST_EXP_DT,0.814,0.9867777777777778,-0.1727777777777778
D_2765_LAST_EXP_DT,0.884,0.9936666666666667,-0.10966666666666669
D_2767_LAST_EXP_DT,0.938,0.9965555555555555,-0.05855555555555558
D_3449_LAST_EXP_DT,0.928,0.9965555555555555,-0.06855555555555548
D_5856_LAST_EXP_DT,0.989,0.9996666666666667,-0.010666666666666713
D_7804_LAST_EXP_DT,0.784,0.9815555555555555,-0.19755555555555548
D_7943_LAST_EXP_DT,0.868,0.9871111111111112,-0.11911111111111117
D_3382_LAST_EXP_DT,0.911,0.9922222222222222,-0.0812222222222222
D_V032_LAST_EXP_DT,0.996,1.0,-0.0040000000000000036
D_V037_LAST_EXP_DT,0.995,1.0,-0.0050000000000000044
D_V039_LAST_EXP_DT,0.997,1.0,-0.0030000000000000027
D_V040_LAST_EXP_DT,0.996,0.9993333333333333,-0.0033333333333332993
D_V045_LAST_EXP_DT,0.999,1.0,-0.0010000000000000009
D_V050_LAST_EXP_DT,1.0,1.0,0.0
D_V051_LAST_EXP_DT,1.0,1.0,0.0
D_V053_LAST_EXP_DT,0.933,0.9954444444444445,-0.062444444444444414
D_V054_LAST_EXP_DT,0.987,0.9964444444444445,-0.009444444444444478
D_V058_LAST_EXP_DT,0.991,1.0,-0.009000000000000008
D_V059_LAST_EXP_DT,0.992,1.0,-0.008000000000000007
D_V060_LAST_EXP_DT,1.0,1.0,0.0
D_V062_LAST_EXP_DT,0.999,1.0,-0.0010000000000000009
D_V063_LAST_EXP_DT,0.999,1.0,-0.0010000000000000009
D_V064_LAST_EXP_DT,0.995,0.9995555555555555,-0.004555555555555535
D_V065_LAST_EXP_DT,0.985,0.9993333333333333,-0.014333333333333309
D_V066_LAST_EXP_DT,0.996,1.0,-0.0040000000000000036
D_V068_LAST_EXP_DT,0.993,1.0,-0.007000000000000006
D_V069_LAST_EXP_DT,0.992,0.9997777777777778,-0.007777777777777772
D_2768_LAST_EXP_DT,0.567,0.748,-0.18100000000000005
D_9597_LAST_EXP_DT,0.955,0.9976666666666667,-0.04266666666666674
D_4359_LAST_EXP_DT,0.957,0.9991111111111111,-0.0421111111111111
D_V202_LAST_EXP_DT,0.924,0.9808888888888889,-0.05688888888888888
D_V741_LAST_EXP_DT,0.979,0.999,-0.020000000000000018
D_7020_LAST_EXP_DT,0.952,0.995,-0.04300000000000004
D_4556_LAST_EXP_DT,0.984,0.9983333333333333,-0.014333333333333309
D_2572_LAST_EXP_DT,0.964,0.9985555555555555,-0.03455555555555556
D_5853_LAST_EXP_DT,0.949,0.9971111111111111,-0.048111111111111104
D_6927_LAST_EXP_DT,0.987,0.9995555555555555,-0.012555555555555542
D_7230_LAST_EXP_DT,0.961,0.9995555555555555,-0.038555555555555565
D_7870_LAST_EXP_DT,0.745,0.9782222222222222,-0.23322222222222222
D_7850_LAST_EXP_DT,0.908,0.9957777777777778,-0.08777777777777773
D_4278_LAST_EXP_DT,0.885,0.9946666666666667,-0.10966666666666669
D_3339_LAST_EXP_DT,0.965,0.9988888888888889,-0.03388888888888897
D_3483_LAST_EXP_DT,0.971,0.9997777777777778,-0.02877777777777779
D_7819_LAST_EXP_DT,0.957,0.9987777777777778,-0.0417777777777778
D_7845_LAST_EXP_DT,0.962,0.9994444444444445,-0.0374444444444445
D_3275_LAST_EXP_DT,0.986,0.9997777777777778,-0.013777777777777778
D_5589_LAST_EXP_DT,0.918,0.9974444444444445,-0.07944444444444443
D_3098_LAST_EXP_DT,0.983,1.0,-0.017000000000000015
D_7810_LAST_EXP_DT,0.943,0.9987777777777778,-0.055777777777777815
D_7873_LAST_EXP_DT,0.954,0.9982222222222222,-0.044222222222222274
D_4349_LAST_EXP_DT,0.934,0.9981111111111111,-0.06411111111111101
D_4371_LAST_EXP_DT,0.975,0.9993333333333333,-0.024333333333333318
D_3579_LAST_EXP_DT,0.992,1.0,-0.008000000000000007
D_3331_LAST_EXP_DT,0.975,1.0,-0.025000000000000022
D_V270_LAST_EXP_DT,0.984,0.9995555555555555,-0.015555555555555545
D_4107_LAST_EXP_DT,0.983,1.0,-0.017000000000000015
D_3441_LAST_EXP_DT,0.969,0.9974444444444445,-0.028444444444444494
D_3599_LAST_EXP_DT,0.954,0.9993333333333333,-0.04533333333333334
D_3332_LAST_EXP_DT,0.989,1.0,-0.01100000000000001
D_3591_LAST_EXP_DT,0.989,1.0,-0.01100000000000001
D_3592_LAST_EXP_DT,0.995,1.0,-0.0050000000000000044
D_3590_LAST_EXP_DT,0.993,0.9996666666666667,-0.00666666666666671
G_012000_FIRST_EXP_DT,0.587,0.8986666666666666,-0.31166666666666665
G_034000_FIRST_EXP_DT,0.492,0.8553333333333333,-0.3633333333333333
G_040000_FIRST_EXP_DT,0.766,0.9596666666666667,-0.19366666666666665
G_050000_FIRST_EXP_DT,0.563,0.9105555555555556,-0.3475555555555556
G_160000_FIRST_EXP_DT,0.838,0.9874444444444445,-0.1494444444444445
G_221000_FIRST_EXP_DT,0.504,0.8212222222222222,-0.3172222222222222
G_272500_FIRST_EXP_DT,0.879,0.986,-0.10699999999999998
G_340000_FIRST_EXP_DT,0.747,0.9457777777777778,-0.19877777777777783
G_394000_FIRST_EXP_DT,0.694,0.9418888888888889,-0.24788888888888894
G_442010_FIRST_EXP_DT,0.665,0.9443333333333334,-0.2793333333333333
G_469920_FIRST_EXP_DT,0.847,0.9694444444444444,-0.12244444444444447
G_492700_FIRST_EXP_DT,0.588,0.9436666666666667,-0.3556666666666667
G_530000_FIRST_EXP_DT,0.846,0.9851111111111112,-0.13911111111111119
G_581800_FIRST_EXP_DT,0.829,0.9921111111111112,-0.1631111111111112
G_651000_FIRST_EXP_DT,0.604,0.9395555555555556,-0.3355555555555556
G_659900_FIRST_EXP_DT,0.679,0.9612222222222222,-0.28222222222222215
G_659917_FIRST_EXP_DT,0.41,0.7443333333333333,-0.3343333333333333
G_721000_FIRST_EXP_DT,0.86,0.9944444444444445,-0.13444444444444448
G_726000_FIRST_EXP_DT,0.595,0.9293333333333333,-0.33433333333333337
G_751000_FIRST_EXP_DT,0.561,0.8588888888888889,-0.29788888888888887
G_879910_FIRST_EXP_DT,0.922,0.9974444444444445,-0.07544444444444443
G_021000_FIRST_EXP_DT,0.674,0.9295555555555556,-0.25555555555555554
G_661000_FIRST_EXP_DT,0.453,0.8143333333333334,-0.36133333333333334
G_283000_FIRST_EXP_DT,0.956,0.9896666666666667,-0.033666666666666734
G_372000_FIRST_EXP_DT,0.814,0.9862222222222222,-0.17222222222222228
G_375000_FIRST_EXP_DT,0.85,0.9668888888888889,-0.11688888888888893
G_114070_FIRST_EXP_DT,0.831,0.9884444444444445,-0.1574444444444445
G_171000_FIRST_EXP_DT,0.794,0.9694444444444444,-0.1754444444444444
G_369918_FIRST_EXP_DT,0.959,0.9973333333333333,-0.03833333333333333
G_019900_FIRST_EXP_DT,0.705,0.9515555555555556,-0.24655555555555564
G_169900_FIRST_EXP_DT,0.723,0.9607777777777777,-0.23777777777777775
G_361000_FIRST_EXP_DT,0.753,0.9502222222222222,-0.1972222222222222
G_568510_FIRST_EXP_DT,0.981,1.0,-0.019000000000000017
G_905500_FIRST_EXP_DT,0.736,0.9573333333333334,-0.22133333333333338
G_332000_FIRST_EXP_DT,0.743,0.9506666666666667,-0.20766666666666667
G_571000_FIRST_EXP_DT,0.621,0.9423333333333334,-0.32133333333333336
G_581600_FIRST_EXP_DT,0.602,0.9263333333333333,-0.32433333333333336
G_797000_FIRST_EXP_DT,0.448,0.6962222222222222,-0.24822222222222218
G_035000_FIRST_EXP_DT,0.928,0.9957777777777778,-0.06777777777777771
G_422000_FIRST_EXP_DT,0.698,0.942,-0.244
G_439970_FIRST_EXP_DT,0.878,0.986,-0.10799999999999998
G_414000_FIRST_EXP_DT,0.786,0.9805555555555555,-0.19455555555555548
G_445050_FIRST_EXP_DT,0.905,0.996,-0.09099999999999997
G_502500_FIRST_EXP_DT,0.743,0.9715555555555555,-0.2285555555555555
G_674060_FIRST_EXP_DT,0.907,0.9968888888888889,-0.08988888888888891
G_614000_FIRST_EXP_DT,0.936,0.9981111111111111,-0.062111111111111006
G_491030_FIRST_EXP_DT,0.923,0.9954444444444445,-0.07244444444444442
G_259900_FIRST_EXP_DT,0.928,0.9914444444444445,-0.06344444444444441
G_300420_FIRST_EXP_DT,0.959,0.9992222222222222,-0.04022222222222227
G_879920_FIRST_EXP_DT,0.973,0.9981111111111111,-0.025111111111111084
G_722000_FIRST_EXP_DT,0.984,1.0,-0.016000000000000014
G_423000_FIRST_EXP_DT,0.989,1.0,-0.01100000000000001
G_371000_FIRST_EXP_DT,0.83,0.9645555555555556,-0.13455555555555565
G_352000_FIRST_EXP_DT,0.996,1.0,-0.0040000000000000036
G_012000_LAST_EXP_DT,0.587,0.8986666666666666,-0.31166666666666665
G_034000_LAST_EXP_DT,0.492,0.8553333333333333,-0.3633333333333333
G_040000_LAST_EXP_DT,0.766,0.9596666666666667,-0.19366666666666665
G_050000_LAST_EXP_DT,0.563,0.9105555555555556,-0.3475555555555556
G_160000_LAST_EXP_DT,0.838,0.9874444444444445,-0.1494444444444445
G_221000_LAST_EXP_DT,0.504,0.8212222222222222,-0.3172222222222222
G_272500_LAST_EXP_DT,0.879,0.986,-0.10699999999999998
G_340000_LAST_EXP_DT,0.747,0.9457777777777778,-0.19877777777777783
G_394000_LAST_EXP_DT,0.694,0.9418888888888889,-0.24788888888888894
G_442010_LAST_EXP_DT,0.665,0.9443333333333334,-0.2793333333333333
G_469920_LAST_EXP_DT,0.847,0.9694444444444444,-0.12244444444444447
G_492700_LAST_EXP_DT,0.588,0.9436666666666667,-0.3556666666666667
G_530000_LAST_EXP_DT,0.846,0.9851111111111112,-0.13911111111111119
G_581800_LAST_EXP_DT,0.829,0.9921111111111112,-0.1631111111111112
G_651000_LAST_EXP_DT,0.604,0.9395555555555556,-0.3355555555555556
G_659900_LAST_EXP_DT,0.679,0.9612222222222222,-0.28222222222222215
G_659917_LAST_EXP_DT,0.41,0.7443333333333333,-0.3343333333333333
G_721000_LAST_EXP_DT,0.86,0.9944444444444445,-0.13444444444444448
G_726000_LAST_EXP_DT,0.595,0.9293333333333333,-0.33433333333333337
G_751000_LAST_EXP_DT,0.561,0.8588888888888889,-0.29788888888888887
G_879910_LAST_EXP_DT,0.922,0.9974444444444445,-0.07544444444444443
G_021000_LAST_EXP_DT,0.674,0.9295555555555556,-0.25555555555555554
G_661000_LAST_EXP_DT,0.453,0.8143333333333334,-0.36133333333333334
G_283000_LAST_EXP_DT,0.956,0.9896666666666667,-0.033666666666666734
G_372000_LAST_EXP_DT,0.814,0.9862222222222222,-0.17222222222222228
G_375000_LAST_EXP_DT,0.85,0.9668888888888889,-0.11688888888888893
G_114070_LAST_EXP_DT,0.831,0.9884444444444445,-0.1574444444444445
G_171000_LAST_EXP_DT,0.794,0.9694444444444444,-0.1754444444444444
G_369918_LAST_EXP_DT,0.959,0.9973333333333333,-0.03833333333333333
G_019900_LAST_EXP_DT,0.705,0.9515555555555556,-0.24655555555555564
G_169900_LAST_EXP_DT,0.723,0.9607777777777777,-0.23777777777777775
G_361000_LAST_EXP_DT,0.753,0.9502222222222222,-0.1972222222222222
G_568510_LAST_EXP_DT,0.981,1.0,-0.019000000000000017
G_905500_LAST_EXP_DT,0.736,0.9573333333333334,-0.22133333333333338
G_332000_LAST_EXP_DT,0.743,0.9506666666666667,-0.20766666666666667
G_571000_LAST_EXP_DT,0.621,0.9423333333333334,-0.32133333333333336
G_581600_LAST_EXP_DT,0.602,0.9263333333333333,-0.32433333333333336
G_797000_LAST_EXP_DT,0.448,0.6962222222222222,-0.24822222222222218
G_035000_LAST_EXP_DT,0.928,0.9957777777777778,-0.06777777777777771
G_422000_LAST_EXP_DT,0.698,0.942,-0.244
G_439970_LAST_EXP_DT,0.878,0.986,-0.10799999999999998
G_414000_LAST_EXP_DT,0.786,0.9805555555555555,-0.19455555555555548
G_445050_LAST_EXP_DT,0.905,0.996,-0.09099999999999997
G_502500_LAST_EXP_DT,0.743,0.9715555555555555,-0.2285555555555555
G_674060_LAST_EXP_DT,0.907,0.9968888888888889,-0.08988888888888891
G_614000_LAST_EXP_DT,0.936,0.9981111111111111,-0.062111111111111006
G_491030_LAST_EXP_DT,0.923,0.9954444444444445,-0.07244444444444442
G_259900_LAST_EXP_DT,0.928,0.9914444444444445,-0.06344444444444441
G_300420_LAST_EXP_DT,0.959,0.9992222222222222,-0.04022222222222227
G_879920_LAST_EXP_DT,0.973,0.9981111111111111,-0.025111111111111084
G_722000_LAST_EXP_DT,0.984,1.0,-0.016000000000000014
G_423000_LAST_EXP_DT,0.989,1.0,-0.01100000000000001
G_371000_LAST_EXP_DT,0.83,0.9645555555555556,-0.13455555555555565
G_352000_LAST_EXP_DT,0.996,1.0,-0.0040000000000000036
P_70450_FIRST_EXP_DT,0.747,0.9636666666666667,-0.21666666666666667
P_71010_FIRST_EXP_DT,0.703,0.9677777777777777,-0.2647777777777778
P_72100_FIRST_EXP_DT,0.904,0.9903333333333333,-0.08633333333333326
P_93010_FIRST_EXP_DT,0.532,0.8374444444444444,-0.3054444444444444
P_99284_FIRST_EXP_DT,0.7,0.8747777777777778,-0.1747777777777778
P_99285_FIRST_EXP_DT,0.58,0.8515555555555555,-0.27155555555555555
P_A0425_FIRST_EXP_DT,0.79,0.9454444444444444,-0.15544444444444439
P_A0427_FIRST_EXP_DT,0.859,0.9642222222222222,-0.10522222222222222
P_73610_FIRST_EXP_DT,0.926,0.9961111111111111,-0.07011111111111101
P_77052_FIRST_EXP_DT,0.887,0.976,-0.08899999999999997
P_90471_FIRST_EXP_DT,0.759,0.9408888888888889,-0.18188888888888888
P_99203_FIRST_EXP_DT,0.544,0.8916666666666667,-0.3476666666666667
P_99213_FIRST_EXP_DT,0.17,0.6282222222222222,-0.4582222222222222
P_99214_FIRST_EXP_DT,0.235,0.7335555555555555,-0.49855555555555553
P_99223_FIRST_EXP_DT,0.674,0.9112222222222223,-0.23722222222222222
P_99239_FIRST_EXP_DT,0.854,0.9815555555555555,-0.12755555555555553
P_G0202_FIRST_EXP_DT,0.891,0.9764444444444444,-0.08544444444444443
P_36415_FIRST_EXP_DT,0.501,0.8638888888888889,-0.3628888888888889
P_70551_FIRST_EXP_DT,0.891,0.9938888888888889,-0.10288888888888892
P_88313_FIRST_EXP_DT,0.962,0.9995555555555555,-0.037555555555555564
P_92012_FIRST_EXP_DT,0.95,0.9954444444444445,-0.04544444444444451
P_93000_FIRST_EXP_DT,0.695,0.9588888888888889,-0.26388888888888895
P_93306_FIRST_EXP_DT,0.749,0.965,-0.21599999999999997
P_94760_FIRST_EXP_DT,0.897,0.9964444444444445,-0.09944444444444445
P_99204_FIRST_EXP_DT,0.565,0.8918888888888888,-0.3268888888888889
P_99215_FIRST_EXP_DT,0.695,0.9685555555555555,-0.27355555555555555
P_99233_FIRST_EXP_DT,0.774,0.9636666666666667,-0.18966666666666665
P_99283_FIRST_EXP_DT,0.791,0.9527777777777777,-0.1617777777777777
P_G8553_FIRST_EXP_DT,0.863,0.9891111111111112,-0.12611111111111117
P_71020_FIRST_EXP_DT,0.655,0.935,-0.28
P_73130_FIRST_EXP_DT,0.932,0.9932222222222222,-0.06122222222222218
P_80053_FIRST_EXP_DT,0.666,0.9498888888888889,-0.28388888888888886
P_83735_FIRST_EXP_DT,0.88,0.9842222222222222,-0.10422222222222222
P_85025_FIRST_EXP_DT,0.635,0.9472222222222222,-0.3122222222222222
P_94010_FIRST_EXP_DT,0.931,0.9988888888888889,-0.06788888888888889
P_97001_FIRST_EXP_DT,0.863,0.9921111111111112,-0.12911111111111118
P_97110_FIRST_EXP_DT,0.859,0.9912222222222222,-0.13222222222222224
P_99205_FIRST_EXP_DT,0.766,0.9741111111111111,-0.20811111111111114
P_G0008_FIRST_EXP_DT,0.9,0.9926666666666667,-0.09266666666666667
P_G8427_FIRST_EXP_DT,0.892,0.9915555555555555,-0.09955555555555551
P_G8978_FIRST_EXP_DT,0.989,0.9994444444444445,-0.010444444444444478
P_G8979_FIRST_EXP_DT,0.989,0.9994444444444445,-0.010444444444444478
P_93042_FIRST_EXP_DT,0.957,0.9973333333333333,-0.04033333333333333
P_97014_FIRST_EXP_DT,0.958,0.9983333333333333,-0.04033333333333333
P_97140_FIRST_EXP_DT,0.887,0.9924444444444445,-0.10544444444444445
P_99202_FIRST_EXP_DT,0.83,0.968,-0.138
P_99220_FIRST_EXP_DT,0.913,0.9911111111111112,-0.07811111111111113
P_99231_FIRST_EXP_DT,0.862,0.9875555555555555,-0.12555555555555553
P_99232_FIRST_EXP_DT,0.707,0.969,-0.262
P_99238_FIRST_EXP_DT,0.823,0.9827777777777778,-0.1597777777777778
P_99244_FIRST_EXP_DT,0.81,0.9718888888888889,-0.16188888888888886
P_99291_FIRST_EXP_DT,0.843,0.9717777777777777,-0.12877777777777777
P_92015_FIRST_EXP_DT,0.898,0.9964444444444445,-0.09844444444444445
P_99396_FIRST_EXP_DT,0.872,0.9746666666666667,-0.10266666666666668
P_80048_FIRST_EXP_DT,0.808,0.9641111111111111,-0.1561111111111111
P_80061_FIRST_EXP_DT,0.738,0.9516666666666667,-0.21366666666666667
P_82607_FIRST_EXP_DT,0.878,0.9921111111111112,-0.11411111111111116
P_84443_FIRST_EXP_DT,0.722,0.95,-0.22799999999999998
P_90472_FIRST_EXP_DT,0.957,0.9963333333333333,-0.03933333333333333
P_90715_FIRST_EXP_DT,0.89,0.9763333333333334,-0.08633333333333337
P_96372_FIRST_EXP_DT,0.798,0.9907777777777778,-0.19277777777777771
P_31575_FIRST_EXP_DT,0.976,0.9997777777777778,-0.023777777777777787
P_51798_FIRST_EXP_DT,0.955,0.998,-0.04300000000000004
P_70553_FIRST_EXP_DT,0.896,0.995,-0.09899999999999998
P_76700_FIRST_EXP_DT,0.92,0.9964444444444445,-0.07644444444444443
P_76942_FIRST_EXP_DT,0.945,0.9965555555555555,-0.05155555555555558
P_81003_FIRST_EXP_DT,0.782,0.9786666666666667,-0.19666666666666666
P_99212_FIRST_EXP_DT,0.653,0.9455555555555556,-0.29255555555555557
P_99243_FIRST_EXP_DT,0.858,0.9826666666666667,-0.1246666666666667
P_99245_FIRST_EXP_DT,0.885,0.9883333333333333,-0.10333333333333328
P_72141_FIRST_EXP_DT,0.919,0.9971111111111111,-0.07811111111111102
P_85652_FIRST_EXP_DT,0.918,0.9932222222222222,-0.07522222222222219
P_93880_FIRST_EXP_DT,0.928,0.9943333333333333,-0.06633333333333324
P_99222_FIRST_EXP_DT,0.768,0.9654444444444444,-0.19744444444444442
P_80050_FIRST_EXP_DT,0.902,0.9913333333333333,-0.08933333333333326
P_81025_FIRST_EXP_DT,0.935,0.9877777777777778,-0.0527777777777777
P_86580_FIRST_EXP_DT,0.97,0.999,-0.029000000000000026
P_99420_FIRST_EXP_DT,0.978,0.9996666666666667,-0.021666666666666723
P_84165_FIRST_EXP_DT,0.97,0.9987777777777778,-0.02877777777777779
P_72148_FIRST_EXP_DT,0.896,0.9855555555555555,-0.0895555555555555
P_99254_FIRST_EXP_DT,0.904,0.9963333333333333,-0.09233333333333327
P_84439_FIRST_EXP_DT,0.832,0.9725555555555555,-0.14055555555555554
P_90686_FIRST_EXP_DT,0.97,0.9991111111111111,-0.029111111111111088
P_17000_FIRST_EXP_DT,0.96,0.9968888888888889,-0.03688888888888897
P_85018_FIRST_EXP_DT,0.961,0.9984444444444445,-0.0374444444444445
P_95811_FIRST_EXP_DT,0.966,0.9966666666666667,-0.03066666666666673
P_82962_FIRST_EXP_DT,0.952,0.9988888888888889,-0.04688888888888898
P_84550_FIRST_EXP_DT,0.939,0.996,-0.05700000000000005
P_86038_FIRST_EXP_DT,0.942,0.9967777777777778,-0.054777777777777814
P_84484_FIRST_EXP_DT,0.947,0.9987777777777778,-0.05177777777777781
P_A4550_FIRST_EXP_DT,0.965,0.9985555555555555,-0.03355555555555556
P_1101F_FIRST_EXP_DT,0.989,0.9991111111111111,-0.01011111111111107
P_95886_FIRST_EXP_DT,0.926,0.9974444444444445,-0.07144444444444442
P_82550_FIRST_EXP_DT,0.871,0.9793333333333333,-0.10833333333333328
P_98941_FIRST_EXP_DT,0.962,0.9994444444444445,-0.0374444444444445
P_36620_FIRST_EXP_DT,0.974,0.9998888888888889,-0.02588888888888896
P_74230_FIRST_EXP_DT,0.99,0.9998888888888889,-0.009888888888888947
P_83891_FIRST_EXP_DT,0.984,1.0,-0.016000000000000014
P_83912_FIRST_EXP_DT,0.983,0.9998888888888889,-0.016888888888888953
P_95913_FIRST_EXP_DT,0.983,0.9997777777777778,-0.01677777777777778
P_90862_FIRST_EXP_DT,0.953,0.9956666666666667,-0.04266666666666674
P_74176_FIRST_EXP_DT,0.91,0.9953333333333333,-0.08533333333333326
P_99053_FIRST_EXP_DT,0.889,0.9873333333333333,-0.09833333333333327
P_74177_FIRST_EXP_DT,0.884,0.9853333333333333,-0.10133333333333328
P_84480_FIRST_EXP_DT,0.963,0.9978888888888889,-0.03488888888888897
P_76705_FIRST_EXP_DT,0.932,0.9948888888888889,-0.06288888888888888
P_93272_FIRST_EXP_DT,0.984,1.0,-0.016000000000000014
P_E0973_FIRST_EXP_DT,0.991,1.0,-0.009000000000000008
P_59025_FIRST_EXP_DT,0.988,0.9998888888888889,-0.011888888888888949
P_99354_FIRST_EXP_DT,0.978,0.9998888888888889,-0.021888888888888958
P_83909_FIRST_EXP_DT,0.99,1.0,-0.010000000000000009
P_95810_FIRST_EXP_DT,0.955,0.9952222222222222,-0.04022222222222227
P_95885_FIRST_EXP_DT,0.973,0.998,-0.025000000000000022
P_95911_FIRST_EXP_DT,0.981,0.9994444444444445,-0.018444444444444485
P_83519_FIRST_EXP_DT,0.986,0.9995555555555555,-0.013555555555555543
P_76857_FIRST_EXP_DT,0.988,0.9994444444444445,-0.01144444444444448
P_72157_FIRST_EXP_DT,0.97,0.9995555555555555,-0.029555555555555557
P_62270_FIRST_EXP_DT,0.982,0.9996666666666667,-0.01766666666666672
P_95908_FIRST_EXP_DT,0.99,1.0,-0.010000000000000009
P_96110_FIRST_EXP_DT,0.99,0.9978888888888889,-0.007888888888888945
P_L2275_FIRST_EXP_DT,0.998,1.0,-0.0020000000000000018
P_70450_LAST_EXP_DT,0.747,0.9636666666666667,-0.21666666666666667
P_71010_LAST_EXP_DT,0.703,0.9677777777777777,-0.2647777777777778
P_72100_LAST_EXP_DT,0.904,0.9903333333333333,-0.08633333333333326
P_93010_LAST_EXP_DT,0.532,0.8374444444444444,-0.3054444444444444
P_99284_LAST_EXP_DT,0.7,0.8747777777777778,-0.1747777777777778
P_99285_LAST_EXP_DT,0.58,0.8515555555555555,-0.27155555555555555
P_A0425_LAST_EXP_DT,0.79,0.9454444444444444,-0.15544444444444439
P_A0427_LAST_EXP_DT,0.859,0.9642222222222222,-0.10522222222222222
P_73610_LAST_EXP_DT,0.926,0.9961111111111111,-0.07011111111111101
P_77052_LAST_EXP_DT,0.887,0.976,-0.08899999999999997
P_90471_LAST_EXP_DT,0.759,0.9408888888888889,-0.18188888888888888
P_99203_LAST_EXP_DT,0.544,0.8916666666666667,-0.3476666666666667
P_99213_LAST_EXP_DT,0.17,0.6282222222222222,-0.4582222222222222
P_99214_LAST_EXP_DT,0.235,0.7335555555555555,-0.49855555555555553
P_99223_LAST_EXP_DT,0.674,0.9112222222222223,-0.23722222222222222
P_99239_LAST_EXP_DT,0.854,0.9815555555555555,-0.12755555555555553
P_G0202_LAST_EXP_DT,0.891,0.9764444444444444,-0.08544444444444443
P_36415_LAST_EXP_DT,0.501,0.8638888888888889,-0.3628888888888889
P_70551_LAST_EXP_DT,0.891,0.9938888888888889,-0.10288888888888892
P_88313_LAST_EXP_DT,0.962,0.9995555555555555,-0.037555555555555564
P_92012_LAST_EXP_DT,0.95,0.9954444444444445,-0.04544444444444451
P_93000_LAST_EXP_DT,0.695,0.9588888888888889,-0.26388888888888895
P_93306_LAST_EXP_DT,0.749,0.965,-0.21599999999999997
P_94760_LAST_EXP_DT,0.897,0.9964444444444445,-0.09944444444444445
P_99204_LAST_EXP_DT,0.565,0.8918888888888888,-0.3268888888888889
P_99215_LAST_EXP_DT,0.695,0.9685555555555555,-0.27355555555555555
P_99233_LAST_EXP_DT,0.774,0.9636666666666667,-0.18966666666666665
P_99283_LAST_EXP_DT,0.791,0.9527777777777777,-0.1617777777777777
P_G8553_LAST_EXP_DT,0.863,0.9891111111111112,-0.12611111111111117
P_71020_LAST_EXP_DT,0.655,0.935,-0.28
P_73130_LAST_EXP_DT,0.932,0.9932222222222222,-0.06122222222222218
P_80053_LAST_EXP_DT,0.666,0.9498888888888889,-0.28388888888888886
P_83735_LAST_EXP_DT,0.88,0.9842222222222222,-0.10422222222222222
P_85025_LAST_EXP_DT,0.635,0.9472222222222222,-0.3122222222222222
P_94010_LAST_EXP_DT,0.931,0.9988888888888889,-0.06788888888888889
P_97001_LAST_EXP_DT,0.863,0.9921111111111112,-0.12911111111111118
P_97110_LAST_EXP_DT,0.859,0.9912222222222222,-0.13222222222222224
P_99205_LAST_EXP_DT,0.766,0.9741111111111111,-0.20811111111111114
P_G0008_LAST_EXP_DT,0.9,0.9926666666666667,-0.09266666666666667
P_G8427_LAST_EXP_DT,0.892,0.9915555555555555,-0.09955555555555551
P_G8978_LAST_EXP_DT,0.989,0.9994444444444445,-0.010444444444444478
P_G8979_LAST_EXP_DT,0.989,0.9994444444444445,-0.010444444444444478
P_93042_LAST_EXP_DT,0.957,0.9973333333333333,-0.04033333333333333
P_97014_LAST_EXP_DT,0.958,0.9983333333333333,-0.04033333333333333
P_97140_LAST_EXP_DT,0.887,0.9924444444444445,-0.10544444444444445
P_99202_LAST_EXP_DT,0.83,0.968,-0.138
P_99220_LAST_EXP_DT,0.913,0.9911111111111112,-0.07811111111111113
P_99231_LAST_EXP_DT,0.862,0.9875555555555555,-0.12555555555555553
P_99232_LAST_EXP_DT,0.707,0.969,-0.262
P_99238_LAST_EXP_DT,0.823,0.9827777777777778,-0.1597777777777778
P_99244_LAST_EXP_DT,0.81,0.9718888888888889,-0.16188888888888886
P_99291_LAST_EXP_DT,0.843,0.9717777777777777,-0.12877777777777777
P_92015_LAST_EXP_DT,0.898,0.9964444444444445,-0.09844444444444445
P_99396_LAST_EXP_DT,0.872,0.9746666666666667,-0.10266666666666668
P_80048_LAST_EXP_DT,0.808,0.9641111111111111,-0.1561111111111111
P_80061_LAST_EXP_DT,0.738,0.9516666666666667,-0.21366666666666667
P_82607_LAST_EXP_DT,0.878,0.9921111111111112,-0.11411111111111116
P_84443_LAST_EXP_DT,0.722,0.95,-0.22799999999999998
P_90472_LAST_EXP_DT,0.957,0.9963333333333333,-0.03933333333333333
P_90715_LAST_EXP_DT,0.89,0.9763333333333334,-0.08633333333333337
P_96372_LAST_EXP_DT,0.798,0.9907777777777778,-0.19277777777777771
P_31575_LAST_EXP_DT,0.976,0.9997777777777778,-0.023777777777777787
P_51798_LAST_EXP_DT,0.955,0.998,-0.04300000000000004
P_70553_LAST_EXP_DT,0.896,0.995,-0.09899999999999998
P_76700_LAST_EXP_DT,0.92,0.9964444444444445,-0.07644444444444443
P_76942_LAST_EXP_DT,0.945,0.9965555555555555,-0.05155555555555558
P_81003_LAST_EXP_DT,0.782,0.9786666666666667,-0.19666666666666666
P_99212_LAST_EXP_DT,0.653,0.9455555555555556,-0.29255555555555557
P_99243_LAST_EXP_DT,0.858,0.9826666666666667,-0.1246666666666667
P_99245_LAST_EXP_DT,0.885,0.9883333333333333,-0.10333333333333328
P_72141_LAST_EXP_DT,0.919,0.9971111111111111,-0.07811111111111102
P_85652_LAST_EXP_DT,0.918,0.9932222222222222,-0.07522222222222219
P_93880_LAST_EXP_DT,0.928,0.9943333333333333,-0.06633333333333324
P_99222_LAST_EXP_DT,0.768,0.9654444444444444,-0.19744444444444442
P_80050_LAST_EXP_DT,0.902,0.9913333333333333,-0.08933333333333326
P_81025_LAST_EXP_DT,0.935,0.9877777777777778,-0.0527777777777777
P_86580_LAST_EXP_DT,0.97,0.999,-0.029000000000000026
P_99420_LAST_EXP_DT,0.978,0.9996666666666667,-0.021666666666666723
P_84165_LAST_EXP_DT,0.97,0.9987777777777778,-0.02877777777777779
P_72148_LAST_EXP_DT,0.896,0.9855555555555555,-0.0895555555555555
P_99254_LAST_EXP_DT,0.904,0.9963333333333333,-0.09233333333333327
P_84439_LAST_EXP_DT,0.832,0.9725555555555555,-0.14055555555555554
P_90686_LAST_EXP_DT,0.97,0.9991111111111111,-0.029111111111111088
P_17000_LAST_EXP_DT,0.96,0.9968888888888889,-0.03688888888888897
P_85018_LAST_EXP_DT,0.961,0.9984444444444445,-0.0374444444444445
P_95811_LAST_EXP_DT,0.966,0.9966666666666667,-0.03066666666666673
P_82962_LAST_EXP_DT,0.952,0.9988888888888889,-0.04688888888888898
P_84550_LAST_EXP_DT,0.939,0.996,-0.05700000000000005
P_86038_LAST_EXP_DT,0.942,0.9967777777777778,-0.054777777777777814
P_84484_LAST_EXP_DT,0.947,0.9987777777777778,-0.05177777777777781
P_A4550_LAST_EXP_DT,0.965,0.9985555555555555,-0.03355555555555556
P_1101F_LAST_EXP_DT,0.989,0.9991111111111111,-0.01011111111111107
P_95886_LAST_EXP_DT,0.926,0.9974444444444445,-0.07144444444444442
P_82550_LAST_EXP_DT,0.871,0.9793333333333333,-0.10833333333333328
P_98941_LAST_EXP_DT,0.962,0.9994444444444445,-0.0374444444444445
P_36620_LAST_EXP_DT,0.974,0.9998888888888889,-0.02588888888888896
P_74230_LAST_EXP_DT,0.99,0.9998888888888889,-0.009888888888888947
P_83891_LAST_EXP_DT,0.984,1.0,-0.016000000000000014
P_83912_LAST_EXP_DT,0.983,0.9998888888888889,-0.016888888888888953
P_95913_LAST_EXP_DT,0.983,0.9997777777777778,-0.01677777777777778
P_90862_LAST_EXP_DT,0.953,0.9956666666666667,-0.04266666666666674
P_74176_LAST_EXP_DT,0.91,0.9953333333333333,-0.08533333333333326
P_99053_LAST_EXP_DT,0.889,0.9873333333333333,-0.09833333333333327
P_74177_LAST_EXP_DT,0.884,0.9853333333333333,-0.10133333333333328
P_84480_LAST_EXP_DT,0.963,0.9978888888888889,-0.03488888888888897
P_76705_LAST_EXP_DT,0.932,0.9948888888888889,-0.06288888888888888
P_93272_LAST_EXP_DT,0.984,1.0,-0.016000000000000014
P_E0973_LAST_EXP_DT,0.991,1.0,-0.009000000000000008
P_59025_LAST_EXP_DT,0.988,0.9998888888888889,-0.011888888888888949
P_99354_LAST_EXP_DT,0.978,0.9998888888888889,-0.021888888888888958
P_83909_LAST_EXP_DT,0.99,1.0,-0.010000000000000009
P_95810_LAST_EXP_DT,0.955,0.9952222222222222,-0.04022222222222227
P_95885_LAST_EXP_DT,0.973,0.998,-0.025000000000000022
P_95911_LAST_EXP_DT,0.981,0.9994444444444445,-0.018444444444444485
P_83519_LAST_EXP_DT,0.986,0.9995555555555555,-0.013555555555555543
P_76857_LAST_EXP_DT,0.988,0.9994444444444445,-0.01144444444444448
P_72157_LAST_EXP_DT,0.97,0.9995555555555555,-0.029555555555555557
P_62270_LAST_EXP_DT,0.982,0.9996666666666667,-0.01766666666666672
P_95908_LAST_EXP_DT,0.99,1.0,-0.010000000000000009
P_96110_LAST_EXP_DT,0.99,0.9978888888888889,-0.007888888888888945
P_L2275_LAST_EXP_DT,0.998,1.0,-0.0020000000000000018
S_S21_FIRST_EXP,0.368,0.7988888888888889,-0.4308888888888889
S_S22_FIRST_EXP,0.47,0.7477777777777778,-0.2777777777777778
S_S45_FIRST_EXP,0.782,0.9686666666666667,-0.18666666666666665
S_S05_FIRST_EXP,0.71,0.9706666666666667,-0.2606666666666667
S_S24_FIRST_EXP,0.39,0.7441111111111111,-0.35411111111111104
S_S37_FIRST_EXP,0.411,0.7153333333333334,-0.3043333333333334
S_S53_FIRST_EXP,0.78,0.9633333333333334,-0.18333333333333335
S_S04_FIRST_EXP,0.732,0.9494444444444444,-0.21744444444444444
S_S08_FIRST_EXP,0.567,0.9012222222222223,-0.3342222222222223
S_S23_FIRST_EXP,0.852,0.9808888888888889,-0.12888888888888894
S_S44_FIRST_EXP,0.615,0.9393333333333334,-0.32433333333333336
S_S48_FIRST_EXP,0.683,0.9567777777777777,-0.2737777777777777
S_S51_FIRST_EXP,0.803,0.9717777777777777,-0.1687777777777777
S_S75_FIRST_EXP,0.786,0.9861111111111112,-0.20011111111111113
S_S67_FIRST_EXP,0.775,0.972,-0.19699999999999995
S_S34_FIRST_EXP,0.935,0.9975555555555555,-0.06255555555555548
S_S66_FIRST_EXP,0.87,0.9927777777777778,-0.12277777777777776
S_S73_FIRST_EXP,0.883,0.9901111111111112,-0.10711111111111116
S_S76_FIRST_EXP,0.903,0.9958888888888889,-0.09288888888888891
S_S38_FIRST_EXP,0.956,0.9994444444444445,-0.04344444444444451
S_S49_FIRST_EXP,0.82,0.9641111111111111,-0.1441111111111112
S_S65_FIRST_EXP,0.894,0.9937777777777778,-0.09977777777777774
S_S70_FIRST_EXP,0.887,0.9858888888888889,-0.09888888888888892
S_S19_FIRST_EXP,0.841,0.9754444444444444,-0.13444444444444448
S_S69_FIRST_EXP,0.915,0.9931111111111111,-0.07811111111111102
S_S25_FIRST_EXP,0.775,0.9753333333333334,-0.20033333333333336
S_S55_FIRST_EXP,0.872,0.9958888888888889,-0.12388888888888894
S_S82_FIRST_EXP,0.875,0.993,-0.118
S_S26_FIRST_EXP,0.952,0.9967777777777778,-0.044777777777777805
S_S39_FIRST_EXP,0.924,0.9941111111111111,-0.07011111111111101
S_S52_FIRST_EXP,0.934,0.9972222222222222,-0.06322222222222218
S_S64_FIRST_EXP,0.897,0.9762222222222222,-0.0792222222222222
S_S83_FIRST_EXP,0.849,0.9767777777777777,-0.12777777777777777
S_S02_FIRST_EXP,0.96,0.9984444444444445,-0.0384444444444445
S_S42_FIRST_EXP,0.854,0.9841111111111112,-0.13011111111111118
S_S30_FIRST_EXP,0.972,0.9987777777777778,-0.02677777777777779
S_S12_FIRST_EXP,0.939,0.9983333333333333,-0.05933333333333335
S_S29_FIRST_EXP,0.981,0.9997777777777778,-0.018777777777777782
S_S57_FIRST_EXP,0.948,0.9995555555555555,-0.05155555555555558
S_S14_FIRST_EXP,0.952,0.9991111111111111,-0.047111111111111104
S_S59_FIRST_EXP,0.968,0.9971111111111111,-0.029111111111111088
S_S11_FIRST_EXP,0.964,0.9973333333333333,-0.033333333333333326
S_S21_LAST_EXP_,0.368,0.7988888888888889,-0.4308888888888889
S_S22_LAST_EXP_,0.47,0.7477777777777778,-0.2777777777777778
S_S45_LAST_EXP_,0.782,0.9686666666666667,-0.18666666666666665
S_S05_LAST_EXP_,0.71,0.9706666666666667,-0.2606666666666667
S_S24_LAST_EXP_,0.39,0.7441111111111111,-0.35411111111111104
S_S37_LAST_EXP_,0.411,0.7153333333333334,-0.3043333333333334
S_S53_LAST_EXP_,0.78,0.9633333333333334,-0.18333333333333335
S_S04_LAST_EXP_,0.732,0.9494444444444444,-0.21744444444444444
S_S08_LAST_EXP_,0.567,0.9012222222222223,-0.3342222222222223
S_S23_LAST_EXP_,0.852,0.9808888888888889,-0.12888888888888894
S_S44_LAST_EXP_,0.615,0.9393333333333334,-0.32433333333333336
S_S48_LAST_EXP_,0.683,0.9567777777777777,-0.2737777777777777
S_S51_LAST_EXP_,0.803,0.9717777777777777,-0.1687777777777777
S_S75_LAST_EXP_,0.786,0.9861111111111112,-0.20011111111111113
S_S67_LAST_EXP_,0.775,0.972,-0.19699999999999995
S_S34_LAST_EXP_,0.935,0.9975555555555555,-0.06255555555555548
S_S66_LAST_EXP_,0.87,0.9927777777777778,-0.12277777777777776
S_S73_LAST_EXP_,0.883,0.9901111111111112,-0.10711111111111116
S_S76_LAST_EXP_,0.903,0.9958888888888889,-0.09288888888888891
S_S38_LAST_EXP_,0.956,0.9994444444444445,-0.04344444444444451
S_S49_LAST_EXP_,0.82,0.9641111111111111,-0.1441111111111112
S_S65_LAST_EXP_,0.894,0.9937777777777778,-0.09977777777777774
S_S70_LAST_EXP_,0.887,0.9858888888888889,-0.09888888888888892
S_S19_LAST_EXP_,0.841,0.9754444444444444,-0.13444444444444448
S_S69_LAST_EXP_,0.915,0.9931111111111111,-0.07811111111111102
S_S25_LAST_EXP_,0.775,0.9753333333333334,-0.20033333333333336
S_S55_LAST_EXP_,0.872,0.9958888888888889,-0.12388888888888894
S_S82_LAST_EXP_,0.875,0.993,-0.118
S_S26_LAST_EXP_,0.952,0.9967777777777778,-0.044777777777777805
S_S39_LAST_EXP_,0.924,0.9941111111111111,-0.07011111111111101
S_S52_LAST_EXP_,0.934,0.9972222222222222,-0.06322222222222218
S_S64_LAST_EXP_,0.897,0.9762222222222222,-0.0792222222222222
S_S83_LAST_EXP_,0.849,0.9767777777777777,-0.12777777777777777
S_S02_LAST_EXP_,0.96,0.9984444444444445,-0.0384444444444445
S_S42_LAST_EXP_,0.854,0.9841111111111112,-0.13011111111111118
S_S30_LAST_EXP_,0.972,0.9987777777777778,-0.02677777777777779
S_S12_LAST_EXP_,0.939,0.9983333333333333,-0.05933333333333335
S_S29_LAST_EXP_,0.981,0.9997777777777778,-0.018777777777777782
S_S57_LAST_EXP_,0.948,0.9995555555555555,-0.05155555555555558
S_S14_LAST_EXP_,0.952,0.9991111111111111,-0.047111111111111104
S_S59_LAST_EXP_,0.968,0.9971111111111111,-0.029111111111111088
S_S11_LAST_EXP_,0.964,0.9973333333333333,-0.033333333333333326
